--------------------------------------------------------
--  DDL for Table PROJECTS
--------------------------------------------------------

CREATE TABLE "TODOUSER"."PROJECTS" 
   (	"PROJECT_ID" NUMBER GENERATED ALWAYS AS IDENTITY MINVALUE 1 MAXVALUE 9999999999999999999999999999 INCREMENT BY 1 START WITH 1 CACHE 20 NOORDER  NOCYCLE  NOKEEP  NOSCALE, 
    "PROJECT_NAME" VARCHAR2(255 BYTE), 
    "DESCRIPTION" VARCHAR2(4000 BYTE), 
    "STATUS" VARCHAR2(50 BYTE), 
    "START_DATE" DATE, 
    "ESTIMATED_TIME" NUMBER, 
    "FINISH_DATE" DATE
   ) SEGMENT CREATION IMMEDIATE 
  PCTFREE 10 PCTUSED 40 INITRANS 10 MAXTRANS 255 
 NOCOMPRESS LOGGING
  STORAGE(INITIAL 65536 NEXT 1048576 MINEXTENTS 1 MAXEXTENTS 2147483645
  PCTINCREASE 0 FREELISTS 1 FREELIST GROUPS 1
  BUFFER_POOL DEFAULT FLASH_CACHE DEFAULT CELL_FLASH_CACHE DEFAULT)
  TABLESPACE "DATA";
--------------------------------------------------------
--  DDL for Table SPRINTS
--------------------------------------------------------

CREATE TABLE "TODOUSER"."SPRINTS" 
   (	"SPRINT_ID" NUMBER GENERATED ALWAYS AS IDENTITY MINVALUE 1 MAXVALUE 9999999999999999999999999999 INCREMENT BY 1 START WITH 1 CACHE 20 NOORDER  NOCYCLE  NOKEEP  NOSCALE, 
    "PROJECT_ID" NUMBER, 
    "SPRINT_NAME" VARCHAR2(255 BYTE), 
    "START_DATE" DATE, 
    "FINISH_DATE" DATE, 
    "STATUS" VARCHAR2(50 BYTE)
   ) SEGMENT CREATION IMMEDIATE 
  PCTFREE 10 PCTUSED 40 INITRANS 10 MAXTRANS 255 
 NOCOMPRESS LOGGING
  STORAGE(INITIAL 65536 NEXT 1048576 MINEXTENTS 1 MAXEXTENTS 2147483645
  PCTINCREASE 0 FREELISTS 1 FREELIST GROUPS 1
  BUFFER_POOL DEFAULT FLASH_CACHE DEFAULT CELL_FLASH_CACHE DEFAULT)
  TABLESPACE "DATA";
--------------------------------------------------------
--  DDL for Table SUBTODOITEM
--------------------------------------------------------

CREATE TABLE "TODOUSER"."SUBTODOITEM" 
   (	"ID" NUMBER GENERATED ALWAYS AS IDENTITY MINVALUE 1 MAXVALUE 9999999999999999999999999999 INCREMENT BY 1 START WITH 1 CACHE 20 NOORDER  NOCYCLE  NOKEEP  NOSCALE, 
    "TODOITEM_ID" NUMBER, 
    "DESCRIPTION" VARCHAR2(4000 BYTE), 
    "CREATION_TS" TIMESTAMP (6) WITH TIME ZONE DEFAULT CURRENT_TIMESTAMP, 
    "DONE" NUMBER(1,0)
   ) SEGMENT CREATION IMMEDIATE 
  PCTFREE 10 PCTUSED 40 INITRANS 10 MAXTRANS 255 
 NOCOMPRESS LOGGING
  STORAGE(INITIAL 65536 NEXT 1048576 MINEXTENTS 1 MAXEXTENTS 2147483645
  PCTINCREASE 0 FREELISTS 1 FREELIST GROUPS 1
  BUFFER_POOL DEFAULT FLASH_CACHE DEFAULT CELL_FLASH_CACHE DEFAULT)
  TABLESPACE "DATA";
--------------------------------------------------------
--  DDL for Table TASK_ASSIGNMENT2
--------------------------------------------------------

CREATE TABLE "TODOUSER"."TASK_ASSIGNMENT2" 
   (	"ID" NUMBER GENERATED ALWAYS AS IDENTITY MINVALUE 1 MAXVALUE 9999999999999999999999999999 INCREMENT BY 1 START WITH 1 CACHE 20 NOORDER  NOCYCLE  NOKEEP  NOSCALE, 
    "TASK_ID" NUMBER, 
    "USER_ID" NUMBER
   ) SEGMENT CREATION IMMEDIATE 
  PCTFREE 10 PCTUSED 40 INITRANS 10 MAXTRANS 255 
 NOCOMPRESS LOGGING
  STORAGE(INITIAL 65536 NEXT 1048576 MINEXTENTS 1 MAXEXTENTS 2147483645
  PCTINCREASE 0 FREELISTS 1 FREELIST GROUPS 1
  BUFFER_POOL DEFAULT FLASH_CACHE DEFAULT CELL_FLASH_CACHE DEFAULT)
  TABLESPACE "DATA";
--------------------------------------------------------
--  DDL for Table TEAM
--------------------------------------------------------

CREATE TABLE "TODOUSER"."TEAM" 
   (	"TEAM_ID" NUMBER GENERATED ALWAYS AS IDENTITY MINVALUE 1 MAXVALUE 9999999999999999999999999999 INCREMENT BY 1 START WITH 1 CACHE 20 NOORDER  NOCYCLE  NOKEEP  NOSCALE, 
    "TEAM_NAME" VARCHAR2(255 BYTE), 
    "MANAGER_ID" NUMBER, 
    "PROJECT_ID" NUMBER, 
    "CREATION_DATE" TIMESTAMP (6) DEFAULT CURRENT_TIMESTAMP
   ) SEGMENT CREATION IMMEDIATE 
  PCTFREE 10 PCTUSED 40 INITRANS 10 MAXTRANS 255 
 NOCOMPRESS LOGGING
  STORAGE(INITIAL 65536 NEXT 1048576 MINEXTENTS 1 MAXEXTENTS 2147483645
  PCTINCREASE 0 FREELISTS 1 FREELIST GROUPS 1
  BUFFER_POOL DEFAULT FLASH_CACHE DEFAULT CELL_FLASH_CACHE DEFAULT)
  TABLESPACE "DATA";
--------------------------------------------------------
--  DDL for Table TODOITEM
--------------------------------------------------------

CREATE TABLE "TODOUSER"."TODOITEM" 
   (	"ID" NUMBER GENERATED ALWAYS AS IDENTITY MINVALUE 1 MAXVALUE 9999999999999999999999999999 INCREMENT BY 1 START WITH 1 CACHE 20 NOORDER  NOCYCLE  NOKEEP  NOSCALE, 
    "DESCRIPTION" VARCHAR2(4000 BYTE), 
    "CREATION_TS" TIMESTAMP (6) WITH TIME ZONE DEFAULT CURRENT_TIMESTAMP, 
    "DONE" NUMBER(1,0), 
    "USER_ID" NUMBER, 
    "SPRINT_ID" NUMBER, 
    "DURATION" NUMBER(10,0), 
    "PARENT_ID" NUMBER(10,0), 
    "REAL_HOURS" NUMBER(10,0), 
    "ESTIMATED_HOURS" NUMBER(10,2)
   ) SEGMENT CREATION IMMEDIATE 
  PCTFREE 10 PCTUSED 40 INITRANS 10 MAXTRANS 255 
 NOCOMPRESS LOGGING
  STORAGE(INITIAL 65536 NEXT 1048576 MINEXTENTS 1 MAXEXTENTS 2147483645
  PCTINCREASE 0 FREELISTS 1 FREELIST GROUPS 1
  BUFFER_POOL DEFAULT FLASH_CACHE DEFAULT CELL_FLASH_CACHE DEFAULT)
  TABLESPACE "DATA";
--------------------------------------------------------
--  DDL for Table USERS
--------------------------------------------------------

CREATE TABLE "TODOUSER"."USERS" 
   (	"ID" NUMBER GENERATED ALWAYS AS IDENTITY MINVALUE 1 MAXVALUE 9999999999999999999999999999 INCREMENT BY 1 START WITH 1 CACHE 20 NOORDER  NOCYCLE  NOKEEP  NOSCALE, 
    "USERNAME" VARCHAR2(255 BYTE), 
    "PASSWORD" VARCHAR2(100 BYTE), 
    "EMAIL" VARCHAR2(100 BYTE), 
    "ROLE" VARCHAR2(20 BYTE)
   ) SEGMENT CREATION IMMEDIATE 
  PCTFREE 10 PCTUSED 40 INITRANS 10 MAXTRANS 255 
 NOCOMPRESS LOGGING
  STORAGE(INITIAL 65536 NEXT 1048576 MINEXTENTS 1 MAXEXTENTS 2147483645
  PCTINCREASE 0 FREELISTS 1 FREELIST GROUPS 1
  BUFFER_POOL DEFAULT FLASH_CACHE DEFAULT CELL_FLASH_CACHE DEFAULT)
  TABLESPACE "DATA";
REM INSERTING into TODOUSER.PROJECTS
SET DEFINE OFF;
Insert into TODOUSER.PROJECTS (PROJECT_ID,PROJECT_NAME,DESCRIPTION,STATUS,START_DATE,ESTIMATED_TIME,FINISH_DATE) values (1,'Proyecto de Infraestructura Oracle','Proyecto relacionado con la implementación de Oracle Cloud Infrastructure','IN_PROGRESS',to_date('01-MAR-25','DD-MON-RR'),100,to_date('01-JUN-25','DD-MON-RR'));
Insert into TODOUSER.PROJECTS (PROJECT_ID,PROJECT_NAME,DESCRIPTION,STATUS,START_DATE,ESTIMATED_TIME,FINISH_DATE) values (22,'Development and Deployment of Software Systems (Gpo 101)','Project for managing software development sprints','IN_PROGRESS',to_date('01-MAY-25','DD-MON-RR'),3,to_date('01-AUG-25','DD-MON-RR'));
REM INSERTING into TODOUSER.SPRINTS
SET DEFINE OFF;
Insert into TODOUSER.SPRINTS (SPRINT_ID,PROJECT_ID,SPRINT_NAME,START_DATE,FINISH_DATE,STATUS) values (23,22,'Sprint 3 (Advanced Databases) (Israel)',to_date('16-MAY-25','DD-MON-RR'),to_date('23-MAY-25','DD-MON-RR'),'COMPLETED');
Insert into TODOUSER.SPRINTS (SPRINT_ID,PROJECT_ID,SPRINT_NAME,START_DATE,FINISH_DATE,STATUS) values (25,22,'Sprint 3 (OCI) (Oswaldo)',to_date('16-MAY-25','DD-MON-RR'),to_date('23-MAY-25','DD-MON-RR'),'IN_PROGRESS');
Insert into TODOUSER.SPRINTS (SPRINT_ID,PROJECT_ID,SPRINT_NAME,START_DATE,FINISH_DATE,STATUS) values (4,1,'Sprint 2 (Advanced Web) (Rodrigo)',to_date('06-APR-25','DD-MON-RR'),to_date('25-APR-25','DD-MON-RR'),'COMPLETED');
Insert into TODOUSER.SPRINTS (SPRINT_ID,PROJECT_ID,SPRINT_NAME,START_DATE,FINISH_DATE,STATUS) values (7,1,'Sprint 2 (Requirements) (Luis)',to_date('06-APR-25','DD-MON-RR'),to_date('25-APR-25','DD-MON-RR'),'COMPLETED');
Insert into TODOUSER.SPRINTS (SPRINT_ID,PROJECT_ID,SPRINT_NAME,START_DATE,FINISH_DATE,STATUS) values (1,1,'Sprint 2 (Login Credentials) (Oswaldo)',to_date('06-APR-25','DD-MON-RR'),to_date('25-APR-25','DD-MON-RR'),'COMPLETED');
Insert into TODOUSER.SPRINTS (SPRINT_ID,PROJECT_ID,SPRINT_NAME,START_DATE,FINISH_DATE,STATUS) values (5,1,'Sprint 2 (Project Admin) (Israel)',to_date('06-APR-25','DD-MON-RR'),to_date('25-APR-25','DD-MON-RR'),'COMPLETED');
Insert into TODOUSER.SPRINTS (SPRINT_ID,PROJECT_ID,SPRINT_NAME,START_DATE,FINISH_DATE,STATUS) values (8,1,'Sprint 2 (Linux Basics) (Joaquin)',to_date('06-APR-25','DD-MON-RR'),to_date('25-APR-25','DD-MON-RR'),'COMPLETED');
Insert into TODOUSER.SPRINTS (SPRINT_ID,PROJECT_ID,SPRINT_NAME,START_DATE,FINISH_DATE,STATUS) values (26,22,'Sprint 3 (Quality) (Miguel)',to_date('16-MAY-25','DD-MON-RR'),to_date('23-MAY-25','DD-MON-RR'),'IN_PROGRESS');
Insert into TODOUSER.SPRINTS (SPRINT_ID,PROJECT_ID,SPRINT_NAME,START_DATE,FINISH_DATE,STATUS) values (2,1,'Sprint 2 (Deployment/Closure) (Israel)',to_date('06-APR-25','DD-MON-RR'),to_date('25-APR-25','DD-MON-RR'),'COMPLETED');
Insert into TODOUSER.SPRINTS (SPRINT_ID,PROJECT_ID,SPRINT_NAME,START_DATE,FINISH_DATE,STATUS) values (3,1,'Sprint 2 (OCI) (Oswaldo)',to_date('06-APR-25','DD-MON-RR'),to_date('25-APR-25','DD-MON-RR'),'COMPLETED');
Insert into TODOUSER.SPRINTS (SPRINT_ID,PROJECT_ID,SPRINT_NAME,START_DATE,FINISH_DATE,STATUS) values (6,1,'Sprint 2 (Quality) (Miguel)',to_date('06-APR-25','DD-MON-RR'),to_date('25-APR-25','DD-MON-RR'),'IN_PROGRESS');
Insert into TODOUSER.SPRINTS (SPRINT_ID,PROJECT_ID,SPRINT_NAME,START_DATE,FINISH_DATE,STATUS) values (24,22,'Sprint 3 (Linux Basics) (Joaquin)',to_date('16-MAY-25','DD-MON-RR'),to_date('23-MAY-25','DD-MON-RR'),'IN_PROGRESS');
REM INSERTING into TODOUSER.SUBTODOITEM
SET DEFINE OFF;
Insert into TODOUSER.SUBTODOITEM (ID,TODOITEM_ID,DESCRIPTION,CREATION_TS,DONE) values (223,238,'Create yaml file',null,1);
Insert into TODOUSER.SUBTODOITEM (ID,TODOITEM_ID,DESCRIPTION,CREATION_TS,DONE) values (225,247,'Get OCI ready',null,1);
Insert into TODOUSER.SUBTODOITEM (ID,TODOITEM_ID,DESCRIPTION,CREATION_TS,DONE) values (226,252,'Set up services',null,1);
Insert into TODOUSER.SUBTODOITEM (ID,TODOITEM_ID,DESCRIPTION,CREATION_TS,DONE) values (220,240,'Update Jira',null,1);
Insert into TODOUSER.SUBTODOITEM (ID,TODOITEM_ID,DESCRIPTION,CREATION_TS,DONE) values (222,237,'Research about githool',null,1);
Insert into TODOUSER.SUBTODOITEM (ID,TODOITEM_ID,DESCRIPTION,CREATION_TS,DONE) values (224,246,'Create documentation',null,1);
Insert into TODOUSER.SUBTODOITEM (ID,TODOITEM_ID,DESCRIPTION,CREATION_TS,DONE) values (228,253,'Reporte KPI Horas trabajadas  y Tareas completadas  por EQUIPO por semana/sprint',null,1);
Insert into TODOUSER.SUBTODOITEM (ID,TODOITEM_ID,DESCRIPTION,CREATION_TS,DONE) values (230,254,'Dar de Alta la siguiente TASK',null,1);
Insert into TODOUSER.SUBTODOITEM (ID,TODOITEM_ID,DESCRIPTION,CREATION_TS,DONE) values (231,254,'asignar task  para un integrante:  ',null,1);
Insert into TODOUSER.SUBTODOITEM (ID,TODOITEM_ID,DESCRIPTION,CREATION_TS,DONE) values (233,254,'visualizar tareas de un desarrollador',null,1);
Insert into TODOUSER.SUBTODOITEM (ID,TODOITEM_ID,DESCRIPTION,CREATION_TS,DONE) values (229,253,' Reporte Mostrar KPI Horas trabajadas  y Tareas completadas  por PERSONA por semana/sprint',null,1);
Insert into TODOUSER.SUBTODOITEM (ID,TODOITEM_ID,DESCRIPTION,CREATION_TS,DONE) values (265,304,'Prueba de "ver las tareas completadas de un sprint"',null,1);
Insert into TODOUSER.SUBTODOITEM (ID,TODOITEM_ID,DESCRIPTION,CREATION_TS,DONE) values (232,254,'completar tarea',null,1);
Insert into TODOUSER.SUBTODOITEM (ID,TODOITEM_ID,DESCRIPTION,CREATION_TS,DONE) values (221,239,'Be clear',null,1);
Insert into TODOUSER.SUBTODOITEM (ID,TODOITEM_ID,DESCRIPTION,CREATION_TS,DONE) values (216,250,'Get static ip',null,1);
Insert into TODOUSER.SUBTODOITEM (ID,TODOITEM_ID,DESCRIPTION,CREATION_TS,DONE) values (215,243,'Verify with teacher',null,1);
Insert into TODOUSER.SUBTODOITEM (ID,TODOITEM_ID,DESCRIPTION,CREATION_TS,DONE) values (263,299,'yyes',null,1);
Insert into TODOUSER.SUBTODOITEM (ID,TODOITEM_ID,DESCRIPTION,CREATION_TS,DONE) values (234,254,'visualizar KPIS de un desarrollador',null,1);
Insert into TODOUSER.SUBTODOITEM (ID,TODOITEM_ID,DESCRIPTION,CREATION_TS,DONE) values (213,256,'Custom Theme you created and the Default theme',null,1);
Insert into TODOUSER.SUBTODOITEM (ID,TODOITEM_ID,DESCRIPTION,CREATION_TS,DONE) values (214,241,'Use post its',null,1);
Insert into TODOUSER.SUBTODOITEM (ID,TODOITEM_ID,DESCRIPTION,CREATION_TS,DONE) values (218,251,'Create Oswaldo credentials',null,1);
Insert into TODOUSER.SUBTODOITEM (ID,TODOITEM_ID,DESCRIPTION,CREATION_TS,DONE) values (217,251,'Create Lorena credentials',null,1);
Insert into TODOUSER.SUBTODOITEM (ID,TODOITEM_ID,DESCRIPTION,CREATION_TS,DONE) values (262,243,'HI',null,1);
Insert into TODOUSER.SUBTODOITEM (ID,TODOITEM_ID,DESCRIPTION,CREATION_TS,DONE) values (264,304,'Crear la prueba "Crear tareas"',null,1);
Insert into TODOUSER.SUBTODOITEM (ID,TODOITEM_ID,DESCRIPTION,CREATION_TS,DONE) values (266,304,'Prueba de "Ver las tareas completadas  de un usuario en un sprint "',null,1);
Insert into TODOUSER.SUBTODOITEM (ID,TODOITEM_ID,DESCRIPTION,CREATION_TS,DONE) values (227,253,'Lista de Tareas completadas en cada Sprint  ',null,1);
Insert into TODOUSER.SUBTODOITEM (ID,TODOITEM_ID,DESCRIPTION,CREATION_TS,DONE) values (212,255,'sync up to the practice M6 Session 5 - Online Store: Admin Page ',null,1);
REM INSERTING into TODOUSER.TASK_ASSIGNMENT2
SET DEFINE OFF;
Insert into TODOUSER.TASK_ASSIGNMENT2 (ID,TASK_ID,USER_ID) values (165,298,6);
Insert into TODOUSER.TASK_ASSIGNMENT2 (ID,TASK_ID,USER_ID) values (167,304,2);
Insert into TODOUSER.TASK_ASSIGNMENT2 (ID,TASK_ID,USER_ID) values (171,300,8);
Insert into TODOUSER.TASK_ASSIGNMENT2 (ID,TASK_ID,USER_ID) values (172,301,7);
Insert into TODOUSER.TASK_ASSIGNMENT2 (ID,TASK_ID,USER_ID) values (169,304,2);
Insert into TODOUSER.TASK_ASSIGNMENT2 (ID,TASK_ID,USER_ID) values (166,305,7);
Insert into TODOUSER.TASK_ASSIGNMENT2 (ID,TASK_ID,USER_ID) values (168,303,3);
Insert into TODOUSER.TASK_ASSIGNMENT2 (ID,TASK_ID,USER_ID) values (170,299,8);
Insert into TODOUSER.TASK_ASSIGNMENT2 (ID,TASK_ID,USER_ID) values (128,251,6);
Insert into TODOUSER.TASK_ASSIGNMENT2 (ID,TASK_ID,USER_ID) values (129,238,7);
Insert into TODOUSER.TASK_ASSIGNMENT2 (ID,TASK_ID,USER_ID) values (130,254,2);
Insert into TODOUSER.TASK_ASSIGNMENT2 (ID,TASK_ID,USER_ID) values (132,239,6);
Insert into TODOUSER.TASK_ASSIGNMENT2 (ID,TASK_ID,USER_ID) values (133,243,3);
Insert into TODOUSER.TASK_ASSIGNMENT2 (ID,TASK_ID,USER_ID) values (135,237,8);
Insert into TODOUSER.TASK_ASSIGNMENT2 (ID,TASK_ID,USER_ID) values (136,240,3);
Insert into TODOUSER.TASK_ASSIGNMENT2 (ID,TASK_ID,USER_ID) values (137,241,6);
Insert into TODOUSER.TASK_ASSIGNMENT2 (ID,TASK_ID,USER_ID) values (139,246,6);
Insert into TODOUSER.TASK_ASSIGNMENT2 (ID,TASK_ID,USER_ID) values (140,250,3);
Insert into TODOUSER.TASK_ASSIGNMENT2 (ID,TASK_ID,USER_ID) values (141,252,7);
Insert into TODOUSER.TASK_ASSIGNMENT2 (ID,TASK_ID,USER_ID) values (142,253,8);
Insert into TODOUSER.TASK_ASSIGNMENT2 (ID,TASK_ID,USER_ID) values (143,255,7);
Insert into TODOUSER.TASK_ASSIGNMENT2 (ID,TASK_ID,USER_ID) values (144,247,3);
Insert into TODOUSER.TASK_ASSIGNMENT2 (ID,TASK_ID,USER_ID) values (145,256,8);
REM INSERTING into TODOUSER.TEAM
SET DEFINE OFF;
REM INSERTING into TODOUSER.TODOITEM
SET DEFINE OFF;
Insert into TODOUSER.TODOITEM (ID,DESCRIPTION,CREATION_TS,DONE,USER_ID,SPRINT_ID,DURATION,PARENT_ID,REAL_HOURS,ESTIMATED_HOURS) values (237,'Use githook',to_timestamp_tz('25-APR-25 09.02.21.852509000 AM AMERICA/MEXICO_CITY','DD-MON-RR HH.MI.SSXFF AM TZR'),1,8,8,2,null,4,3.5);
Insert into TODOUSER.TODOITEM (ID,DESCRIPTION,CREATION_TS,DONE,USER_ID,SPRINT_ID,DURATION,PARENT_ID,REAL_HOURS,ESTIMATED_HOURS) values (240,'Update sprint backlog',to_timestamp_tz('25-APR-25 09.03.01.686620000 AM AMERICA/MEXICO_CITY','DD-MON-RR HH.MI.SSXFF AM TZR'),1,3,5,1,null,2,2.5);
Insert into TODOUSER.TODOITEM (ID,DESCRIPTION,CREATION_TS,DONE,USER_ID,SPRINT_ID,DURATION,PARENT_ID,REAL_HOURS,ESTIMATED_HOURS) values (241,'Create prority map',to_timestamp_tz('25-APR-25 09.03.04.039186000 AM AMERICA/MEXICO_CITY','DD-MON-RR HH.MI.SSXFF AM TZR'),1,6,7,1,null,4,3);
Insert into TODOUSER.TODOITEM (ID,DESCRIPTION,CREATION_TS,DONE,USER_ID,SPRINT_ID,DURATION,PARENT_ID,REAL_HOURS,ESTIMATED_HOURS) values (246,'Report on the progress of your deployment',to_timestamp_tz('25-APR-25 09.03.39.265139000 AM AMERICA/MEXICO_CITY','DD-MON-RR HH.MI.SSXFF AM TZR'),1,6,2,1,null,2,2.5);
Insert into TODOUSER.TODOITEM (ID,DESCRIPTION,CREATION_TS,DONE,USER_ID,SPRINT_ID,DURATION,PARENT_ID,REAL_HOURS,ESTIMATED_HOURS) values (250,'Provide URL',to_timestamp_tz('25-APR-25 09.07.32.944802000 AM AMERICA/MEXICO_CITY','DD-MON-RR HH.MI.SSXFF AM TZR'),1,3,1,2,null,1,3);
Insert into TODOUSER.TODOITEM (ID,DESCRIPTION,CREATION_TS,DONE,USER_ID,SPRINT_ID,DURATION,PARENT_ID,REAL_HOURS,ESTIMATED_HOURS) values (252,'OCI deployment',to_timestamp_tz('25-APR-25 09.08.14.428363000 AM AMERICA/MEXICO_CITY','DD-MON-RR HH.MI.SSXFF AM TZR'),1,7,3,1,null,7,4);
Insert into TODOUSER.TODOITEM (ID,DESCRIPTION,CREATION_TS,DONE,USER_ID,SPRINT_ID,DURATION,PARENT_ID,REAL_HOURS,ESTIMATED_HOURS) values (253,'Accountability y Visibility',to_timestamp_tz('25-APR-25 09.08.38.269332000 AM AMERICA/MEXICO_CITY','DD-MON-RR HH.MI.SSXFF AM TZR'),1,8,3,2,null,7,5);
Insert into TODOUSER.TODOITEM (ID,DESCRIPTION,CREATION_TS,DONE,USER_ID,SPRINT_ID,DURATION,PARENT_ID,REAL_HOURS,ESTIMATED_HOURS) values (255,'Add new custom theme',to_timestamp_tz('25-APR-25 09.09.28.027177000 AM AMERICA/MEXICO_CITY','DD-MON-RR HH.MI.SSXFF AM TZR'),1,7,4,2,null,6,6);
Insert into TODOUSER.TODOITEM (ID,DESCRIPTION,CREATION_TS,DONE,USER_ID,SPRINT_ID,DURATION,PARENT_ID,REAL_HOURS,ESTIMATED_HOURS) values (247,'Snapshot with the deployment execution in OCI',to_timestamp_tz('25-APR-25 09.03.42.760731000 AM AMERICA/MEXICO_CITY','DD-MON-RR HH.MI.SSXFF AM TZR'),1,3,2,1,null,1,3);
Insert into TODOUSER.TODOITEM (ID,DESCRIPTION,CREATION_TS,DONE,USER_ID,SPRINT_ID,DURATION,PARENT_ID,REAL_HOURS,ESTIMATED_HOURS) values (256,'Add a button that will toggle with the Custom Theme ',to_timestamp_tz('25-APR-25 09.09.50.386395000 AM AMERICA/MEXICO_CITY','DD-MON-RR HH.MI.SSXFF AM TZR'),1,8,4,3,null,2,7);
Insert into TODOUSER.TODOITEM (ID,DESCRIPTION,CREATION_TS,DONE,USER_ID,SPRINT_ID,DURATION,PARENT_ID,REAL_HOURS,ESTIMATED_HOURS) values (289,'Task1 Valid',null,1,6,4,null,null,4,4);
Insert into TODOUSER.TODOITEM (ID,DESCRIPTION,CREATION_TS,DONE,USER_ID,SPRINT_ID,DURATION,PARENT_ID,REAL_HOURS,ESTIMATED_HOURS) values (288,'Valid 1',null,1,6,1,null,null,1,1);
Insert into TODOUSER.TODOITEM (ID,DESCRIPTION,CREATION_TS,DONE,USER_ID,SPRINT_ID,DURATION,PARENT_ID,REAL_HOURS,ESTIMATED_HOURS) values (298,'Daksmdasd',null,1,6,2,null,null,1,1);
Insert into TODOUSER.TODOITEM (ID,DESCRIPTION,CREATION_TS,DONE,USER_ID,SPRINT_ID,DURATION,PARENT_ID,REAL_HOURS,ESTIMATED_HOURS) values (299,'Deploy to Kubernetes',to_timestamp_tz('16-MAY-25 02.21.01.231591000 PM UTC','DD-MON-RR HH.MI.SSXFF AM TZR'),1,8,23,3,null,4,6);
Insert into TODOUSER.TODOITEM (ID,DESCRIPTION,CREATION_TS,DONE,USER_ID,SPRINT_ID,DURATION,PARENT_ID,REAL_HOURS,ESTIMATED_HOURS) values (300,'Update your README',to_timestamp_tz('16-MAY-25 08.24.50.639549000 AM AMERICA/MEXICO_CITY','DD-MON-RR HH.MI.SSXFF AM TZR'),1,8,24,6,null,6,8);
Insert into TODOUSER.TODOITEM (ID,DESCRIPTION,CREATION_TS,DONE,USER_ID,SPRINT_ID,DURATION,PARENT_ID,REAL_HOURS,ESTIMATED_HOURS) values (301,'Using the database dump for your project',to_timestamp_tz('16-MAY-25 08.29.07.082922000 AM AMERICA/MEXICO_CITY','DD-MON-RR HH.MI.SSXFF AM TZR'),1,7,26,6,null,5,7);
Insert into TODOUSER.TODOITEM (ID,DESCRIPTION,CREATION_TS,DONE,USER_ID,SPRINT_ID,DURATION,PARENT_ID,REAL_HOURS,ESTIMATED_HOURS) values (302,'reportes kpi',to_timestamp_tz('16-MAY-25 02.32.48.713869000 PM UTC','DD-MON-RR HH.MI.SSXFF AM TZR'),0,6,25,6,null,5,4);
Insert into TODOUSER.TODOITEM (ID,DESCRIPTION,CREATION_TS,DONE,USER_ID,SPRINT_ID,DURATION,PARENT_ID,REAL_HOURS,ESTIMATED_HOURS) values (303,'Pruebas Segurida',to_timestamp_tz('16-MAY-25 02.33.44.517948000 PM UTC','DD-MON-RR HH.MI.SSXFF AM TZR'),0,3,25,6,null,6,4);
Insert into TODOUSER.TODOITEM (ID,DESCRIPTION,CREATION_TS,DONE,USER_ID,SPRINT_ID,DURATION,PARENT_ID,REAL_HOURS,ESTIMATED_HOURS) values (304,'Pruebas Unitaria',to_timestamp_tz('16-MAY-25 02.33.52.403146000 PM UTC','DD-MON-RR HH.MI.SSXFF AM TZR'),0,2,25,6,null,12,6);
Insert into TODOUSER.TODOITEM (ID,DESCRIPTION,CREATION_TS,DONE,USER_ID,SPRINT_ID,DURATION,PARENT_ID,REAL_HOURS,ESTIMATED_HOURS) values (305,'KPIS y reporte de tasks',to_timestamp_tz('16-MAY-25 02.34.01.269196000 PM UTC','DD-MON-RR HH.MI.SSXFF AM TZR'),0,7,25,6,null,7,4);
Insert into TODOUSER.TODOITEM (ID,DESCRIPTION,CREATION_TS,DONE,USER_ID,SPRINT_ID,DURATION,PARENT_ID,REAL_HOURS,ESTIMATED_HOURS) values (251,'Provide credentials',to_timestamp_tz('25-APR-25 09.07.49.286154000 AM AMERICA/MEXICO_CITY','DD-MON-RR HH.MI.SSXFF AM TZR'),1,6,1,3,null,3,5);
Insert into TODOUSER.TODOITEM (ID,DESCRIPTION,CREATION_TS,DONE,USER_ID,SPRINT_ID,DURATION,PARENT_ID,REAL_HOURS,ESTIMATED_HOURS) values (238,'Create github actions',to_timestamp_tz('25-APR-25 09.02.38.175406000 AM AMERICA/MEXICO_CITY','DD-MON-RR HH.MI.SSXFF AM TZR'),1,7,8,1,null,2,2.5);
Insert into TODOUSER.TODOITEM (ID,DESCRIPTION,CREATION_TS,DONE,USER_ID,SPRINT_ID,DURATION,PARENT_ID,REAL_HOURS,ESTIMATED_HOURS) values (254,'Telegram',to_timestamp_tz('25-APR-25 09.08.50.713983000 AM AMERICA/MEXICO_CITY','DD-MON-RR HH.MI.SSXFF AM TZR'),1,2,3,1,null,6,3);
Insert into TODOUSER.TODOITEM (ID,DESCRIPTION,CREATION_TS,DONE,USER_ID,SPRINT_ID,DURATION,PARENT_ID,REAL_HOURS,ESTIMATED_HOURS) values (239,'Facilitate sprint retrospective',to_timestamp_tz('25-APR-25 09.02.59.390239000 AM AMERICA/MEXICO_CITY','DD-MON-RR HH.MI.SSXFF AM TZR'),1,6,5,1,null,2,2);
Insert into TODOUSER.TODOITEM (ID,DESCRIPTION,CREATION_TS,DONE,USER_ID,SPRINT_ID,DURATION,PARENT_ID,REAL_HOURS,ESTIMATED_HOURS) values (243,'Create user stories',to_timestamp_tz('25-APR-25 09.03.18.224853000 AM AMERICA/MEXICO_CITY','DD-MON-RR HH.MI.SSXFF AM TZR'),1,3,7,2,null,2,4);
Insert into TODOUSER.TODOITEM (ID,DESCRIPTION,CREATION_TS,DONE,USER_ID,SPRINT_ID,DURATION,PARENT_ID,REAL_HOURS,ESTIMATED_HOURS) values (290,'Valid4',null,1,6,4,null,null,7,7);
REM INSERTING into TODOUSER.USERS
SET DEFINE OFF;
Insert into TODOUSER.USERS (ID,USERNAME,PASSWORD,EMAIL,ROLE) values (21,'Lorena_G','lgomez2025','lgomez@tec.mx','Manager');
Insert into TODOUSER.USERS (ID,USERNAME,PASSWORD,EMAIL,ROLE) values (22,'Oswaldo_R','oswaldo.rojas2025','oswaldo.rojas@oracle.com','Manager');
Insert into TODOUSER.USERS (ID,USERNAME,PASSWORD,EMAIL,ROLE) values (3,'Andres_Antelis','A01637683','A01637683@tec.mx','Developer');
Insert into TODOUSER.USERS (ID,USERNAME,PASSWORD,EMAIL,ROLE) values (8,'Carlos_Sanchez','A01741201','A01741201@tec.mx','Developer');
Insert into TODOUSER.USERS (ID,USERNAME,PASSWORD,EMAIL,ROLE) values (2,'Gabriel_Alvarez','password123','gabo89@example.com','Manager');
Insert into TODOUSER.USERS (ID,USERNAME,PASSWORD,EMAIL,ROLE) values (6,'Dilan_Ocampo','A01634254','A01634254@tec.mx','Developer');
Insert into TODOUSER.USERS (ID,USERNAME,PASSWORD,EMAIL,ROLE) values (7,'Michael_Rice','A00837460','A00837460@tec.mx','Developer');
--------------------------------------------------------
--  DDL for Index SYS_C0045180
--------------------------------------------------------

  CREATE UNIQUE INDEX "TODOUSER"."SYS_C0045180" ON "TODOUSER"."PROJECTS" ("PROJECT_ID") 
  PCTFREE 10 INITRANS 20 MAXTRANS 255 COMPUTE STATISTICS 
  STORAGE(INITIAL 65536 NEXT 1048576 MINEXTENTS 1 MAXEXTENTS 2147483645
  PCTINCREASE 0 FREELISTS 1 FREELIST GROUPS 1
  BUFFER_POOL DEFAULT FLASH_CACHE DEFAULT CELL_FLASH_CACHE DEFAULT)
  TABLESPACE "DATA" ;
--------------------------------------------------------
--  DDL for Index SYS_C0045184
--------------------------------------------------------

  CREATE UNIQUE INDEX "TODOUSER"."SYS_C0045184" ON "TODOUSER"."SPRINTS" ("SPRINT_ID") 
  PCTFREE 10 INITRANS 20 MAXTRANS 255 COMPUTE STATISTICS 
  STORAGE(INITIAL 65536 NEXT 1048576 MINEXTENTS 1 MAXEXTENTS 2147483645
  PCTINCREASE 0 FREELISTS 1 FREELIST GROUPS 1
  BUFFER_POOL DEFAULT FLASH_CACHE DEFAULT CELL_FLASH_CACHE DEFAULT)
  TABLESPACE "DATA" ;
--------------------------------------------------------
--  DDL for Index SYS_C0045205
--------------------------------------------------------

  CREATE UNIQUE INDEX "TODOUSER"."SYS_C0045205" ON "TODOUSER"."SUBTODOITEM" ("ID") 
  PCTFREE 10 INITRANS 20 MAXTRANS 255 COMPUTE STATISTICS 
  STORAGE(INITIAL 65536 NEXT 1048576 MINEXTENTS 1 MAXEXTENTS 2147483645
  PCTINCREASE 0 FREELISTS 1 FREELIST GROUPS 1
  BUFFER_POOL DEFAULT FLASH_CACHE DEFAULT CELL_FLASH_CACHE DEFAULT)
  TABLESPACE "DATA" ;
--------------------------------------------------------
--  DDL for Index SYS_C0045380
--------------------------------------------------------

  CREATE UNIQUE INDEX "TODOUSER"."SYS_C0045380" ON "TODOUSER"."TASK_ASSIGNMENT2" ("ID") 
  PCTFREE 10 INITRANS 20 MAXTRANS 255 COMPUTE STATISTICS 
  STORAGE(INITIAL 65536 NEXT 1048576 MINEXTENTS 1 MAXEXTENTS 2147483645
  PCTINCREASE 0 FREELISTS 1 FREELIST GROUPS 1
  BUFFER_POOL DEFAULT FLASH_CACHE DEFAULT CELL_FLASH_CACHE DEFAULT)
  TABLESPACE "DATA" ;
--------------------------------------------------------
--  DDL for Index SYS_C0045190
--------------------------------------------------------

  CREATE UNIQUE INDEX "TODOUSER"."SYS_C0045190" ON "TODOUSER"."TEAM" ("TEAM_ID") 
  PCTFREE 10 INITRANS 20 MAXTRANS 255 
  STORAGE(INITIAL 65536 NEXT 1048576 MINEXTENTS 1 MAXEXTENTS 2147483645
  PCTINCREASE 0 FREELISTS 1 FREELIST GROUPS 1
  BUFFER_POOL DEFAULT FLASH_CACHE DEFAULT CELL_FLASH_CACHE DEFAULT)
  TABLESPACE "DATA" ;
--------------------------------------------------------
--  DDL for Index SYS_C0045198
--------------------------------------------------------

  CREATE UNIQUE INDEX "TODOUSER"."SYS_C0045198" ON "TODOUSER"."TODOITEM" ("ID") 
  PCTFREE 10 INITRANS 20 MAXTRANS 255 COMPUTE STATISTICS 
  STORAGE(INITIAL 65536 NEXT 1048576 MINEXTENTS 1 MAXEXTENTS 2147483645
  PCTINCREASE 0 FREELISTS 1 FREELIST GROUPS 1
  BUFFER_POOL DEFAULT FLASH_CACHE DEFAULT CELL_FLASH_CACHE DEFAULT)
  TABLESPACE "DATA" ;
--------------------------------------------------------
--  DDL for Index SYS_C0045175
--------------------------------------------------------

  CREATE UNIQUE INDEX "TODOUSER"."SYS_C0045175" ON "TODOUSER"."USERS" ("ID") 
  PCTFREE 10 INITRANS 20 MAXTRANS 255 COMPUTE STATISTICS 
  STORAGE(INITIAL 65536 NEXT 1048576 MINEXTENTS 1 MAXEXTENTS 2147483645
  PCTINCREASE 0 FREELISTS 1 FREELIST GROUPS 1
  BUFFER_POOL DEFAULT FLASH_CACHE DEFAULT CELL_FLASH_CACHE DEFAULT)
  TABLESPACE "DATA" ;
--------------------------------------------------------
--  DDL for Index SYS_C0045176
--------------------------------------------------------

  CREATE UNIQUE INDEX "TODOUSER"."SYS_C0045176" ON "TODOUSER"."USERS" ("USERNAME") 
  PCTFREE 10 INITRANS 20 MAXTRANS 255 COMPUTE STATISTICS 
  STORAGE(INITIAL 65536 NEXT 1048576 MINEXTENTS 1 MAXEXTENTS 2147483645
  PCTINCREASE 0 FREELISTS 1 FREELIST GROUPS 1
  BUFFER_POOL DEFAULT FLASH_CACHE DEFAULT CELL_FLASH_CACHE DEFAULT)
  TABLESPACE "DATA" ;
--------------------------------------------------------
--  DDL for Index SYS_C0045177
--------------------------------------------------------

  CREATE UNIQUE INDEX "TODOUSER"."SYS_C0045177" ON "TODOUSER"."USERS" ("EMAIL") 
  PCTFREE 10 INITRANS 20 MAXTRANS 255 COMPUTE STATISTICS 
  STORAGE(INITIAL 65536 NEXT 1048576 MINEXTENTS 1 MAXEXTENTS 2147483645
  PCTINCREASE 0 FREELISTS 1 FREELIST GROUPS 1
  BUFFER_POOL DEFAULT FLASH_CACHE DEFAULT CELL_FLASH_CACHE DEFAULT)
  TABLESPACE "DATA" ;
--------------------------------------------------------
--  Constraints for Table PROJECTS
--------------------------------------------------------

  ALTER TABLE "TODOUSER"."PROJECTS" MODIFY ("PROJECT_ID" NOT NULL ENABLE);
  ALTER TABLE "TODOUSER"."PROJECTS" MODIFY ("PROJECT_NAME" NOT NULL ENABLE);
  ALTER TABLE "TODOUSER"."PROJECTS" ADD PRIMARY KEY ("PROJECT_ID")
  USING INDEX PCTFREE 10 INITRANS 20 MAXTRANS 255 COMPUTE STATISTICS 
  STORAGE(INITIAL 65536 NEXT 1048576 MINEXTENTS 1 MAXEXTENTS 2147483645
  PCTINCREASE 0 FREELISTS 1 FREELIST GROUPS 1
  BUFFER_POOL DEFAULT FLASH_CACHE DEFAULT CELL_FLASH_CACHE DEFAULT)
  TABLESPACE "DATA"  ENABLE;
--------------------------------------------------------
--  Constraints for Table SPRINTS
--------------------------------------------------------

  ALTER TABLE "TODOUSER"."SPRINTS" MODIFY ("SPRINT_ID" NOT NULL ENABLE);
  ALTER TABLE "TODOUSER"."SPRINTS" MODIFY ("PROJECT_ID" NOT NULL ENABLE);
  ALTER TABLE "TODOUSER"."SPRINTS" MODIFY ("SPRINT_NAME" NOT NULL ENABLE);
  ALTER TABLE "TODOUSER"."SPRINTS" ADD PRIMARY KEY ("SPRINT_ID")
  USING INDEX PCTFREE 10 INITRANS 20 MAXTRANS 255 COMPUTE STATISTICS 
  STORAGE(INITIAL 65536 NEXT 1048576 MINEXTENTS 1 MAXEXTENTS 2147483645
  PCTINCREASE 0 FREELISTS 1 FREELIST GROUPS 1
  BUFFER_POOL DEFAULT FLASH_CACHE DEFAULT CELL_FLASH_CACHE DEFAULT)
  TABLESPACE "DATA"  ENABLE;
--------------------------------------------------------
--  Constraints for Table SUBTODOITEM
--------------------------------------------------------

  ALTER TABLE "TODOUSER"."SUBTODOITEM" MODIFY ("ID" NOT NULL ENABLE);
  ALTER TABLE "TODOUSER"."SUBTODOITEM" MODIFY ("TODOITEM_ID" NOT NULL ENABLE);
  ALTER TABLE "TODOUSER"."SUBTODOITEM" MODIFY ("DESCRIPTION" NOT NULL ENABLE);
  ALTER TABLE "TODOUSER"."SUBTODOITEM" ADD CHECK (DONE IN (0,1)) ENABLE;
  ALTER TABLE "TODOUSER"."SUBTODOITEM" ADD PRIMARY KEY ("ID")
  USING INDEX PCTFREE 10 INITRANS 20 MAXTRANS 255 COMPUTE STATISTICS 
  STORAGE(INITIAL 65536 NEXT 1048576 MINEXTENTS 1 MAXEXTENTS 2147483645
  PCTINCREASE 0 FREELISTS 1 FREELIST GROUPS 1
  BUFFER_POOL DEFAULT FLASH_CACHE DEFAULT CELL_FLASH_CACHE DEFAULT)
  TABLESPACE "DATA"  ENABLE;
--------------------------------------------------------
--  Constraints for Table TASK_ASSIGNMENT2
--------------------------------------------------------

  ALTER TABLE "TODOUSER"."TASK_ASSIGNMENT2" MODIFY ("ID" NOT NULL ENABLE);
  ALTER TABLE "TODOUSER"."TASK_ASSIGNMENT2" MODIFY ("TASK_ID" NOT NULL ENABLE);
  ALTER TABLE "TODOUSER"."TASK_ASSIGNMENT2" MODIFY ("USER_ID" NOT NULL ENABLE);
  ALTER TABLE "TODOUSER"."TASK_ASSIGNMENT2" ADD PRIMARY KEY ("ID")
  USING INDEX PCTFREE 10 INITRANS 20 MAXTRANS 255 COMPUTE STATISTICS 
  STORAGE(INITIAL 65536 NEXT 1048576 MINEXTENTS 1 MAXEXTENTS 2147483645
  PCTINCREASE 0 FREELISTS 1 FREELIST GROUPS 1
  BUFFER_POOL DEFAULT FLASH_CACHE DEFAULT CELL_FLASH_CACHE DEFAULT)
  TABLESPACE "DATA"  ENABLE;
--------------------------------------------------------
--  Constraints for Table TEAM
--------------------------------------------------------

  ALTER TABLE "TODOUSER"."TEAM" MODIFY ("TEAM_ID" NOT NULL ENABLE);
  ALTER TABLE "TODOUSER"."TEAM" MODIFY ("TEAM_NAME" NOT NULL ENABLE);
  ALTER TABLE "TODOUSER"."TEAM" MODIFY ("MANAGER_ID" NOT NULL ENABLE);
  ALTER TABLE "TODOUSER"."TEAM" MODIFY ("PROJECT_ID" NOT NULL ENABLE);
  ALTER TABLE "TODOUSER"."TEAM" ADD PRIMARY KEY ("TEAM_ID")
  USING INDEX PCTFREE 10 INITRANS 20 MAXTRANS 255 
  STORAGE(INITIAL 65536 NEXT 1048576 MINEXTENTS 1 MAXEXTENTS 2147483645
  PCTINCREASE 0 FREELISTS 1 FREELIST GROUPS 1
  BUFFER_POOL DEFAULT FLASH_CACHE DEFAULT CELL_FLASH_CACHE DEFAULT)
  TABLESPACE "DATA"  ENABLE;
--------------------------------------------------------
--  Constraints for Table TODOITEM
--------------------------------------------------------

  ALTER TABLE "TODOUSER"."TODOITEM" MODIFY ("ID" NOT NULL ENABLE);
  ALTER TABLE "TODOUSER"."TODOITEM" MODIFY ("DESCRIPTION" NOT NULL ENABLE);
  ALTER TABLE "TODOUSER"."TODOITEM" MODIFY ("USER_ID" NOT NULL ENABLE);
  ALTER TABLE "TODOUSER"."TODOITEM" MODIFY ("SPRINT_ID" NOT NULL ENABLE);
  ALTER TABLE "TODOUSER"."TODOITEM" ADD CHECK (DONE IN (0,1)) ENABLE;
  ALTER TABLE "TODOUSER"."TODOITEM" ADD PRIMARY KEY ("ID")
  USING INDEX PCTFREE 10 INITRANS 20 MAXTRANS 255 COMPUTE STATISTICS 
  STORAGE(INITIAL 65536 NEXT 1048576 MINEXTENTS 1 MAXEXTENTS 2147483645
  PCTINCREASE 0 FREELISTS 1 FREELIST GROUPS 1
  BUFFER_POOL DEFAULT FLASH_CACHE DEFAULT CELL_FLASH_CACHE DEFAULT)
  TABLESPACE "DATA"  ENABLE;
--------------------------------------------------------
--  Constraints for Table USERS
--------------------------------------------------------

  ALTER TABLE "TODOUSER"."USERS" MODIFY ("ID" NOT NULL ENABLE);
  ALTER TABLE "TODOUSER"."USERS" MODIFY ("USERNAME" NOT NULL ENABLE);
  ALTER TABLE "TODOUSER"."USERS" MODIFY ("PASSWORD" NOT NULL ENABLE);
  ALTER TABLE "TODOUSER"."USERS" MODIFY ("EMAIL" NOT NULL ENABLE);
  ALTER TABLE "TODOUSER"."USERS" MODIFY ("ROLE" NOT NULL ENABLE);
  ALTER TABLE "TODOUSER"."USERS" ADD PRIMARY KEY ("ID")
  USING INDEX PCTFREE 10 INITRANS 20 MAXTRANS 255 COMPUTE STATISTICS 
  STORAGE(INITIAL 65536 NEXT 1048576 MINEXTENTS 1 MAXEXTENTS 2147483645
  PCTINCREASE 0 FREELISTS 1 FREELIST GROUPS 1
  BUFFER_POOL DEFAULT FLASH_CACHE DEFAULT CELL_FLASH_CACHE DEFAULT)
  TABLESPACE "DATA"  ENABLE;
  ALTER TABLE "TODOUSER"."USERS" ADD UNIQUE ("USERNAME")
  USING INDEX PCTFREE 10 INITRANS 20 MAXTRANS 255 COMPUTE STATISTICS 
  STORAGE(INITIAL 65536 NEXT 1048576 MINEXTENTS 1 MAXEXTENTS 2147483645
  PCTINCREASE 0 FREELISTS 1 FREELIST GROUPS 1
  BUFFER_POOL DEFAULT FLASH_CACHE DEFAULT CELL_FLASH_CACHE DEFAULT)
  TABLESPACE "DATA"  ENABLE;
  ALTER TABLE "TODOUSER"."USERS" ADD UNIQUE ("EMAIL")
  USING INDEX PCTFREE 10 INITRANS 20 MAXTRANS 255 COMPUTE STATISTICS 
  STORAGE(INITIAL 65536 NEXT 1048576 MINEXTENTS 1 MAXEXTENTS 2147483645
  PCTINCREASE 0 FREELISTS 1 FREELIST GROUPS 1
  BUFFER_POOL DEFAULT FLASH_CACHE DEFAULT CELL_FLASH_CACHE DEFAULT)
  TABLESPACE "DATA"  ENABLE;
--------------------------------------------------------
--  Ref Constraints for Table SPRINTS
--------------------------------------------------------

  ALTER TABLE "TODOUSER"."SPRINTS" ADD CONSTRAINT "FK_SPRINT_PROJECT" FOREIGN KEY ("PROJECT_ID")
	  REFERENCES "TODOUSER"."PROJECTS" ("PROJECT_ID") ON DELETE CASCADE ENABLE;
--------------------------------------------------------
--  Ref Constraints for Table SUBTODOITEM
--------------------------------------------------------

  ALTER TABLE "TODOUSER"."SUBTODOITEM" ADD CONSTRAINT "FK_SUBTODOITEM" FOREIGN KEY ("TODOITEM_ID")
	  REFERENCES "TODOUSER"."TODOITEM" ("ID") ON DELETE CASCADE ENABLE;
--------------------------------------------------------
--  Ref Constraints for Table TASK_ASSIGNMENT2
--------------------------------------------------------

  ALTER TABLE "TODOUSER"."TASK_ASSIGNMENT2" ADD CONSTRAINT "FK_TASK_ASSIGNMENT2_TASK" FOREIGN KEY ("TASK_ID")
	  REFERENCES "TODOUSER"."TODOITEM" ("ID") ON DELETE CASCADE ENABLE;
  ALTER TABLE "TODOUSER"."TASK_ASSIGNMENT2" ADD CONSTRAINT "FK_TASK_ASSIGNMENT2_USER" FOREIGN KEY ("USER_ID")
	  REFERENCES "TODOUSER"."USERS" ("ID") ON DELETE CASCADE ENABLE;
--------------------------------------------------------
--  Ref Constraints for Table TEAM
--------------------------------------------------------

  ALTER TABLE "TODOUSER"."TEAM" ADD CONSTRAINT "FK_TEAM_MANAGER" FOREIGN KEY ("MANAGER_ID")
	  REFERENCES "TODOUSER"."USERS" ("ID") ON DELETE SET NULL ENABLE;
  ALTER TABLE "TODOUSER"."TEAM" ADD CONSTRAINT "FK_TEAM_PROJECT" FOREIGN KEY ("PROJECT_ID")
	  REFERENCES "TODOUSER"."PROJECTS" ("PROJECT_ID") ON DELETE CASCADE ENABLE;
--------------------------------------------------------
--  Ref Constraints for Table TODOITEM
--------------------------------------------------------

  ALTER TABLE "TODOUSER"."TODOITEM" ADD CONSTRAINT "FK_TODOITEM_USER" FOREIGN KEY ("USER_ID")
	  REFERENCES "TODOUSER"."USERS" ("ID") ON DELETE CASCADE ENABLE;
  ALTER TABLE "TODOUSER"."TODOITEM" ADD CONSTRAINT "FK_TODOITEM_SPRINT" FOREIGN KEY ("SPRINT_ID")
	  REFERENCES "TODOUSER"."SPRINTS" ("SPRINT_ID") ON DELETE CASCADE ENABLE;
